{
    "leaderboard": [
        {
            "name": "y",
            "score": 140.0722622871399,
            "time": 4.007226228713989
        },
        {
            "name": "umar",
            "score": 1720.9364008903503,
            "time": 122.09364008903503
        }
    ]
}